Title,Category,Variant,Description
Zeeba,RICE,10LB,"Rich in antioxidants, Zeeba is an ideal ingredient for maintaining overall well-being and health. Ideal for health and flavor together."
Shri lal mahal,RICE,10LB,"Boosting digestion and immunity, Shri lal mahal is an aromatic choice for your everyday cooking needs. A great choice for your regular diet."
Sona masoori rice,RICE,10 lb,"Sona masoori rice provides a perfect balance of nutrition and taste, making it a staple for any modern kitchen. Highly recommended for gourmet preparations."
Royal chef secret basmati rice,RICE,10lb,"Royal chef secret basmati rice is a premium selection from our RICE range, carefully processed to retain its natural aroma and taste. Sourced sustainably for highest quality."
Lal Quilla rice,RICE,,"Add a touch of perfection to your dishes with Lal Quilla rice, sourced with care and delivered fresh. A versatile addition to your shopping list."
Regal rice,RICE,,"Trusted by families for generations, Regal rice continues to be a symbol of quality in RICE. A great choice for your regular diet."
Kitchen King,RICE,,Kitchen King is sourced from the finest ingredients to ensure consistent quality and maximum shelf life. A versatile addition to your shopping list.
Dosa rice/ Idli rice,RICE,20LB,"Specifically selected for its premium grade, Dosa rice/ Idli rice is a must-have for a well-stocked pantry. Guaranteed to enhance any recipe."
Amchoor Powder,SPICES,1 LB,"Add a touch of perfection to your dishes with Amchoor Powder, sourced with care and delivered fresh. Highly recommended for gourmet preparations."
Anardana Powder,SPICES,100 gms,"Rich in antioxidants, Anardana Powder is an ideal ingredient for maintaining overall well-being and health. It is suitable for a wide variety of cuisines."
Anardana Whole,SPICES,100 gms,"Boosting digestion and immunity, Anardana Whole is an aromatic choice for your everyday cooking needs. A versatile addition to your shopping list."
Black Pepper Whole,SPICES,1 LB,"Packed with protein and fiber, Black Pepper Whole provides the essential nutrients required for a healthy lifestyle. Ideal for health and flavor together."
Black Pepper Powder,SPICES,1 LB,"For health-conscious individuals, Black Pepper Powder serves as an excellent source of vital nutrients and energy. Highly recommended for gourmet preparations."
White Pepper Powder,SPICES,1 LB,White Pepper Powder is sourced from the finest ingredients to ensure consistent quality and maximum shelf life. Packed in hygienic conditions.
Ginger Powder,SPICES,1 LB,"For health-conscious individuals, Ginger Powder serves as an excellent source of vital nutrients and energy. A pure and natural product."
Garlic Powder,SPICES,1 LB,"Specifically selected for its premium grade, Garlic Powder is a must-have for a well-stocked pantry. It is suitable for a wide variety of cuisines."
Black Salt,SPICES,1 LB,"Trusted by families for generations, Black Salt continues to be a symbol of quality in SPICES. Ideal for health and flavor together."
MSG/ Tasting Salt,SPICES,1 LB,"MSG/ Tasting Salt is a premium selection from our SPICES range, carefully processed to retain its natural aroma and taste. Sourced sustainably for highest quality."
Whole Red Chilli,SPICES,1 LB,"Trusted by families for generations, Whole Red Chilli continues to be a symbol of quality in SPICES. Enjoy the consistent taste in every use."
Chilli Flakes/Crushed,SPICES,1 LB,"Naturally low in fat, Chilli Flakes/Crushed is a healthy carbohydrate source for a balanced and energetic diet. Highly recommended for gourmet preparations."
Chilli Powder,SPICES,1 LB,"Enhance your culinary creations by adding Chilli Powder, preferred by professional chefs for its quality. Highly recommended for gourmet preparations."
Extra Hot Chili Powder,SPICES,1 LB,Superior quality Extra Hot Chili Powder is now available to help you create delicious and nutritious meals. It is suitable for a wide variety of cuisines.
Kashmiri Chilly Powder,SPICES,1 LB,Superior quality Kashmiri Chilly Powder is now available to help you create delicious and nutritious meals. It is suitable for a wide variety of cuisines.
Paprika,SPICES,1 LB,"Paprika is a premium selection from our SPICES range, carefully processed to retain its natural aroma and taste. Ideal for health and flavor together."
Garam Masala,SPICES,1 LB,"Packed with protein and fiber, Garam Masala provides the essential nutrients required for a healthy lifestyle. Guaranteed to enhance any recipe."
Curry Powder,SPICES,1 LB,"Enhance your culinary creations by adding Curry Powder, preferred by professional chefs for its quality. It is suitable for a wide variety of cuisines."
Turmeric Powder,SPICES,1 LB,"Packed with protein and fiber, Turmeric Powder provides the essential nutrients required for a healthy lifestyle. Enjoy the consistent taste in every use."
Coriander Powder,SPICES,1 LB,"Coriander Powder is a premium selection from our SPICES range, carefully processed to retain its natural aroma and taste. Enjoy the consistent taste in every use."
Coriander Seeds,SPICES,1 LB,"For health-conscious individuals, Coriander Seeds serves as an excellent source of vital nutrients and energy. Packed in hygienic conditions."
Cumin Powder,SPICES,1 LB,"Specifically selected for its premium grade, Cumin Powder is a must-have for a well-stocked pantry. A versatile addition to your shopping list."
Cumin Seeds,SPICES,1 LB,"Boosting digestion and immunity, Cumin Seeds is an aromatic choice for your everyday cooking needs. A versatile addition to your shopping list."
Dana Jerra Powder,SPICES,1 LB,"Trusted by families for generations, Dana Jerra Powder continues to be a symbol of quality in SPICES. Sourced sustainably for highest quality."
Kala Jeera,SPICES,1 LB,"Kala Jeera provides a perfect balance of nutrition and taste, making it a staple for any modern kitchen. A great choice for your regular diet."
Lucknowi fennel,SPICES,1 LB,"In the SPICES category, Lucknowi fennel stands out for its unique blend of flavor and health benefits. Enjoy the consistent taste in every use."
Fennel Seeds,SPICES,1 LB,"In the SPICES category, Fennel Seeds stands out for its unique blend of flavor and health benefits. Packed in hygienic conditions."
Fennel Powder,SPICES,1 LB,"Add a touch of perfection to your dishes with Fennel Powder, sourced with care and delivered fresh. A pure and natural product."
Fennel Candy,SPICES,1 LB,"Rich in antioxidants, Fennel Candy is an ideal ingredient for maintaining overall well-being and health. Packed in hygienic conditions."
Rock Candy,SPICES,1 LB,"Add a touch of perfection to your dishes with Rock Candy, sourced with care and delivered fresh. Guaranteed to enhance any recipe."
Green Mukhwas,SPICES,1 LB,"Packed with protein and fiber, Green Mukhwas provides the essential nutrients required for a healthy lifestyle. Packed in hygienic conditions."
Red Mukhwas,SPICES,1 LB,"Red Mukhwas is a premium selection from our SPICES range, carefully processed to retain its natural aroma and taste. A great choice for your regular diet."
Ajwain Seeds,SPICES,1 LB,"Rich in antioxidants, Ajwain Seeds is an ideal ingredient for maintaining overall well-being and health. A pure and natural product."
Poppy Seeds,SPICES,1 LB,"Boosting digestion and immunity, Poppy Seeds is an aromatic choice for your everyday cooking needs. A great choice for your regular diet."
Mustard Seeds Black,SPICES,1 LB,Mustard Seeds Black offers an authentic flavor profile that is essential for various traditional recipes. Sourced sustainably for highest quality.
Sesame Seeds White,SPICES,1 LB,"Discover the difference with Sesame Seeds White, a top-tier SPICES item for health and wellness. Sourced sustainably for highest quality."
Sesame Seeds  Brown,SPICES,1 LB,"Boosting digestion and immunity, Sesame Seeds  Brown is an aromatic choice for your everyday cooking needs. Guaranteed to enhance any recipe."
Kalonji Seeds,SPICES,1 LB,Kalonji Seeds is sourced from the finest ingredients to ensure consistent quality and maximum shelf life. A pure and natural product.
Methi Seeds,SPICES,1 LB,"In the SPICES category, Methi Seeds stands out for its unique blend of flavor and health benefits. Enjoy the consistent taste in every use."
Crushed Mint,SPICES,1 LB,"Rich in antioxidants, Crushed Mint is an ideal ingredient for maintaining overall well-being and health. A versatile addition to your shopping list."
Dhagar Phool,SPICES,1 LB,"Rich in antioxidants, Dhagar Phool is an ideal ingredient for maintaining overall well-being and health. Enjoy the consistent taste in every use."
Cinamon Stick - Flat,SPICES,1 LB,"Naturally low in fat, Cinamon Stick - Flat is a healthy carbohydrate source for a balanced and energetic diet. Highly recommended for gourmet preparations."
Cinamon Stick - Round,SPICES,1 LB,Cinamon Stick - Round is sourced from the finest ingredients to ensure consistent quality and maximum shelf life. A pure and natural product.
Cinnamon Powder,SPICES,1 LB,"Cinnamon Powder provides a perfect balance of nutrition and taste, making it a staple for any modern kitchen. It is suitable for a wide variety of cuisines."
Cloves,SPICES,1 LB,"A widely recognized favorite, Cloves is celebrated for its purity and unadulterated nature. A versatile addition to your shopping list."
Clove Powder,SPICES,1 LB,Superior quality Clove Powder is now available to help you create delicious and nutritious meals. Highly recommended for gourmet preparations.
Green Cardamom,SPICES,1 LB,"In the SPICES category, Green Cardamom stands out for its unique blend of flavor and health benefits. A versatile addition to your shopping list."
Cardamom Powder,SPICES,1 LB,"Cardamom Powder is a premium selection from our SPICES range, carefully processed to retain its natural aroma and taste. Guaranteed to enhance any recipe."
Cardamom Seeds,SPICES,1 LB,"Discover the difference with Cardamom Seeds, a top-tier SPICES item for health and wellness. Highly recommended for gourmet preparations."
Black Cardamom,SPICES,1 LB,"Rich in antioxidants, Black Cardamom is an ideal ingredient for maintaining overall well-being and health. A pure and natural product."
Bay Leaf,SPICES,1 LB,Superior quality Bay Leaf is now available to help you create delicious and nutritious meals. Ideal for health and flavor together.
Mace (Zavitri) Powder,SPICES,1 LB,"Rich in antioxidants, Mace (Zavitri) Powder is an ideal ingredient for maintaining overall well-being and health. It is suitable for a wide variety of cuisines."
Mace (Zavitri) Whole,SPICES,1 LB,Superior quality Mace (Zavitri) Whole is now available to help you create delicious and nutritious meals. A pure and natural product.
Nutmeg (Jayfal) Powder,SPICES,1 LB,"A widely recognized favorite, Nutmeg (Jayfal) Powder is celebrated for its purity and unadulterated nature. Ideal for health and flavor together."
Nutmeg (Jayfal) Whole,SPICES,1 LB,"In the SPICES category, Nutmeg (Jayfal) Whole stands out for its unique blend of flavor and health benefits. Ideal for health and flavor together."
Star Anise Whole,SPICES,1 LB,"Specifically selected for its premium grade, Star Anise Whole is a must-have for a well-stocked pantry. A great choice for your regular diet."
Panch Puran,SPICES,1 LB,"Rich in antioxidants, Panch Puran is an ideal ingredient for maintaining overall well-being and health. Enjoy the consistent taste in every use."
65 masala,SPICES,1 lb,Superior quality 65 masala is now available to help you create delicious and nutritious meals. A pure and natural product.
Kokum,SPICES,1 LB,Kokum is sourced from the finest ingredients to ensure consistent quality and maximum shelf life. Sourced sustainably for highest quality.
MDH Kasoori Methi,MDH SPICES,1 KG,"Trusted by families for generations, MDH Kasoori Methi continues to be a symbol of quality in MDH SPICES. Highly recommended for gourmet preparations."
MDH Pani Puri Masala,MDH SPICES,100 gms,"Trusted by families for generations, MDH Pani Puri Masala continues to be a symbol of quality in MDH SPICES. A versatile addition to your shopping list."
MDH Pav Bhaji Masala,MDH SPICES,100 gms,Superior quality MDH Pav Bhaji Masala is now available to help you create delicious and nutritious meals. Enjoy the consistent taste in every use.
MDH Kashmiri Chilli Powder,MDH SPICES,100 gms,"Rich in antioxidants, MDH Kashmiri Chilli Powder is an ideal ingredient for maintaining overall well-being and health. Sourced sustainably for highest quality."
MDH Chana Masala,MDH SPICES,500 gms,"Trusted by families for generations, MDH Chana Masala continues to be a symbol of quality in MDH SPICES. Sourced sustainably for highest quality."
MDH Chat Masala,MDH SPICES,500 gms,"A widely recognized favorite, MDH Chat Masala is celebrated for its purity and unadulterated nature. Highly recommended for gourmet preparations."
MDH Deggie Mirchi,MDH SPICES,500 gms,"For health-conscious individuals, MDH Deggie Mirchi serves as an excellent source of vital nutrients and energy. Sourced sustainably for highest quality."
MDH Garam Masala,MDH SPICES,500 gms,MDH Garam Masala is sourced from the finest ingredients to ensure consistent quality and maximum shelf life. It is suitable for a wide variety of cuisines.
MDH Kitchen King Masala,MDH SPICES,500 gms,"Our MDH SPICES collection features MDH Kitchen King Masala, known for its superior texture and natural goodness. Packed in hygienic conditions."
MDH Meat Masala,MDH SPICES,500 gms,"Discover the difference with MDH Meat Masala, a top-tier MDH SPICES item for health and wellness. Packed in hygienic conditions."
Chick Peas,CANNED PRODUCTS,6 cans,"Chick Peas is a premium selection from our CANNED PRODUCTS range, carefully processed to retain its natural aroma and taste. Packed in hygienic conditions."
Tomato whole peeled,CANNED PRODUCTS,6 cans,"For health-conscious individuals, Tomato whole peeled serves as an excellent source of vital nutrients and energy. Sourced sustainably for highest quality."
Tomato ketchup,CANNED PRODUCTS,6 cans,"Naturally low in fat, Tomato ketchup is a healthy carbohydrate source for a balanced and energetic diet. A great choice for your regular diet."
Tomato puree,CANNED PRODUCTS,6 cans,Superior quality Tomato puree is now available to help you create delicious and nutritious meals. Packed in hygienic conditions.
Tomato Crushed,CANNED PRODUCTS,6 cans,"Add a touch of perfection to your dishes with Tomato Crushed, sourced with care and delivered fresh. Sourced sustainably for highest quality."
Tomato paste,CANNED PRODUCTS,6 cans,"A widely recognized favorite, Tomato paste is celebrated for its purity and unadulterated nature. Enjoy the consistent taste in every use."
Diced Tomato,CANNED PRODUCTS,6 cans,"Diced Tomato is a premium selection from our CANNED PRODUCTS range, carefully processed to retain its natural aroma and taste. It is suitable for a wide variety of cuisines."
Diced Potato,CANNED PRODUCTS,6 cans,"Diced Potato is a premium selection from our CANNED PRODUCTS range, carefully processed to retain its natural aroma and taste. Guaranteed to enhance any recipe."
Condensed milk,CANNED PRODUCTS,,Condensed milk offers an authentic flavor profile that is essential for various traditional recipes. Sourced sustainably for highest quality.
Shan Achari Ghost,SHAN SPICES,100 gms,"Specifically selected for its premium grade, Shan Achari Ghost is a must-have for a well-stocked pantry. A great choice for your regular diet."
Shan Bihari Kebab,SHAN SPICES,100 gms,"Specifically selected for its premium grade, Shan Bihari Kebab is a must-have for a well-stocked pantry. A great choice for your regular diet."
Shan Bombay Biryani,SHAN SPICES,100 gms,"Specifically selected for its premium grade, Shan Bombay Biryani is a must-have for a well-stocked pantry. Guaranteed to enhance any recipe."
Shan Butter Chicken,SHAN SPICES,100 gms,"In the SHAN SPICES category, Shan Butter Chicken stands out for its unique blend of flavor and health benefits. A great choice for your regular diet."
Shan Chaplee Kebab,SHAN SPICES,100 gms,"Discover the difference with Shan Chaplee Kebab, a top-tier SHAN SPICES item for health and wellness. A great choice for your regular diet."
Shan Chat Masala,SHAN SPICES,100 gms,"Add a touch of perfection to your dishes with Shan Chat Masala, sourced with care and delivered fresh. Highly recommended for gourmet preparations."
Shan Chicken Curry Masala,SHAN SPICES,100 gms,"Discover the difference with Shan Chicken Curry Masala, a top-tier SHAN SPICES item for health and wellness. A versatile addition to your shopping list."
Shan Chicken Tikka,SHAN SPICES,100 gms,"Packed with protein and fiber, Shan Chicken Tikka provides the essential nutrients required for a healthy lifestyle. Packed in hygienic conditions."
Shan Fish Masala,SHAN SPICES,100 gms,"Experience the rich traditions of cooking with Shan Fish Masala, a highly versatile SHAN SPICES product. A great choice for your regular diet."
Shan Kat A Kat,SHAN SPICES,100 gms,Shan Kat A Kat is sourced from the finest ingredients to ensure consistent quality and maximum shelf life. A pure and natural product.
Shan Keema Masala,SHAN SPICES,100 gms,"Rich in antioxidants, Shan Keema Masala is an ideal ingredient for maintaining overall well-being and health. Guaranteed to enhance any recipe."
Shan Lahori Fish Masala,SHAN SPICES,100 gms,"Shan Lahori Fish Masala provides a perfect balance of nutrition and taste, making it a staple for any modern kitchen. Guaranteed to enhance any recipe."
Shan Meat Tenderizer,SHAN SPICES,100 gms,"Trusted by families for generations, Shan Meat Tenderizer continues to be a symbol of quality in SHAN SPICES. Packed in hygienic conditions."
Shan Seekh Kebab,SHAN SPICES,100 gms,"Shan Seekh Kebab provides a perfect balance of nutrition and taste, making it a staple for any modern kitchen. A great choice for your regular diet."
Shan Sindhi Biryani,SHAN SPICES,100 gms,Shan Sindhi Biryani offers an authentic flavor profile that is essential for various traditional recipes. Sourced sustainably for highest quality.
Shan Tandoori Masala,SHAN SPICES,100 gms,"Discover the difference with Shan Tandoori Masala, a top-tier SHAN SPICES item for health and wellness. A pure and natural product."
Chana Dal,DALS & BEANS **PACKED LENTILS**,1 LB,"Packed with protein and fiber, Chana Dal provides the essential nutrients required for a healthy lifestyle. Sourced sustainably for highest quality."
Chana Dal Roasted,DALS & BEANS **PACKED LENTILS**,1 LB,"Packed with protein and fiber, Chana Dal Roasted provides the essential nutrients required for a healthy lifestyle. Packed in hygienic conditions."
Chana Daliya Split,DALS & BEANS **PACKED LENTILS**,1 LB,"Add a touch of perfection to your dishes with Chana Daliya Split, sourced with care and delivered fresh. Highly recommended for gourmet preparations."
Kala Chana,DALS & BEANS **PACKED LENTILS**,1 LB,"Kala Chana provides a perfect balance of nutrition and taste, making it a staple for any modern kitchen. It is suitable for a wide variety of cuisines."
Kidney Beans Red,DALS & BEANS **PACKED LENTILS**,1 LB,"Discover the difference with Kidney Beans Red, a top-tier DALS & BEANS **PACKED LENTILS** item for health and wellness. Packed in hygienic conditions."
Masoor Dal,DALS & BEANS **PACKED LENTILS**,1 LB,"For health-conscious individuals, Masoor Dal serves as an excellent source of vital nutrients and energy. Enjoy the consistent taste in every use."
Masoor Whole,DALS & BEANS **PACKED LENTILS**,1 LB,Superior quality Masoor Whole is now available to help you create delicious and nutritious meals. Enjoy the consistent taste in every use.
Moong Dal,DALS & BEANS **PACKED LENTILS**,1 LB,"For health-conscious individuals, Moong Dal serves as an excellent source of vital nutrients and energy. Sourced sustainably for highest quality."
Moong Whole,DALS & BEANS **PACKED LENTILS**,1 LB,Superior quality Moong Whole is now available to help you create delicious and nutritious meals. Packed in hygienic conditions.
Moong Chilaka,DALS & BEANS **PACKED LENTILS**,1 LB,"Our DALS & BEANS **PACKED LENTILS** collection features Moong Chilaka, known for its superior texture and natural goodness. Guaranteed to enhance any recipe."
Toor Dal,DALS & BEANS **PACKED LENTILS**,1 LB,"Toor Dal is a premium selection from our DALS & BEANS **PACKED LENTILS** range, carefully processed to retain its natural aroma and taste. Packed in hygienic conditions."
Urad Dal,DALS & BEANS **PACKED LENTILS**,1 LB,"Enhance your culinary creations by adding Urad Dal, preferred by professional chefs for its quality. Ideal for health and flavor together."
Urad Whole,DALS & BEANS **PACKED LENTILS**,1 LB,"Enhance your culinary creations by adding Urad Whole, preferred by professional chefs for its quality. Guaranteed to enhance any recipe."
Urad Chilka,DALS & BEANS **PACKED LENTILS**,1 LB,"A widely recognized favorite, Urad Chilka is celebrated for its purity and unadulterated nature. Enjoy the consistent taste in every use."
Urad Whole Gota,DALS & BEANS **PACKED LENTILS**,1 LB,"For health-conscious individuals, Urad Whole Gota serves as an excellent source of vital nutrients and energy. Sourced sustainably for highest quality."
White Vatana,DALS & BEANS **PACKED LENTILS**,1 LB,"Trusted by families for generations, White Vatana continues to be a symbol of quality in DALS & BEANS **PACKED LENTILS**. A great choice for your regular diet."
Mooth whole,DALS & BEANS **PACKED LENTILS**,1 LB,"Specifically selected for its premium grade, Mooth whole is a must-have for a well-stocked pantry. Highly recommended for gourmet preparations."
Yellow Split Peas,DALS & BEANS **PACKED LENTILS**,1 LB,"Yellow Split Peas provides a perfect balance of nutrition and taste, making it a staple for any modern kitchen. Guaranteed to enhance any recipe."
Tdh urad gota bulk bag,Tenali Double Horse,55lb,"Add a touch of perfection to your dishes with Tdh urad gota bulk bag, sourced with care and delivered fresh. A pure and natural product."
Tdh Toor dal bulk bag,Tenali Double Horse,55lb,"Rich in antioxidants, Tdh Toor dal bulk bag is an ideal ingredient for maintaining overall well-being and health. Guaranteed to enhance any recipe."
Tdh Urad dal bulk bag,Tenali Double Horse,55lb,"Our Tenali Double Horse collection features Tdh Urad dal bulk bag, known for its superior texture and natural goodness. It is suitable for a wide variety of cuisines."
Tdh moong dal bulk bag,Tenali Double Horse,55lb,"Boosting digestion and immunity, Tdh moong dal bulk bag is an aromatic choice for your everyday cooking needs. Ideal for health and flavor together."
Tdh chana dal bulk bag,Tenali Double Horse,55lb,"Rich in antioxidants, Tdh chana dal bulk bag is an ideal ingredient for maintaining overall well-being and health. A great choice for your regular diet."
Tdh urad gota,Tenali Double Horse,4lb,"Naturally low in fat, Tdh urad gota is a healthy carbohydrate source for a balanced and energetic diet. It is suitable for a wide variety of cuisines."
Tdh toor dal,Tenali Double Horse,4lb,"Tdh toor dal is a premium selection from our Tenali Double Horse range, carefully processed to retain its natural aroma and taste. It is suitable for a wide variety of cuisines."
Tdh chana dal,Tenali Double Horse,4lb,"Experience the rich traditions of cooking with Tdh chana dal, a highly versatile Tenali Double Horse product. Highly recommended for gourmet preparations."
Tdh moong dal,Tenali Double Horse,4lb,"Rich in antioxidants, Tdh moong dal is an ideal ingredient for maintaining overall well-being and health. A great choice for your regular diet."
Besan ( Meera),FLOURS,4 LB,"Our FLOURS collection features Besan ( Meera), known for its superior texture and natural goodness. Highly recommended for gourmet preparations."
Brar – Corn Flour,FLOURS,20 LB,"Bring home the true essence of quality with Brar – Corn Flour, perfect for both daily use and special occasions. Guaranteed to enhance any recipe."
Golden Temple Atta,FLOURS,20 LB,"Discover the difference with Golden Temple Atta, a top-tier FLOURS item for health and wellness. A pure and natural product."
Idli Rava ( Cream of Rice),FLOURS,1 LB,"Idli Rava ( Cream of Rice) is a premium selection from our FLOURS range, carefully processed to retain its natural aroma and taste. Enjoy the consistent taste in every use."
Laxmi Besan Flour,FLOURS,2 LB,"Experience the rich traditions of cooking with Laxmi Besan Flour, a highly versatile FLOURS product. Packed in hygienic conditions."
Rice Flour,FLOURS,1 LB,"Our FLOURS collection features Rice Flour, known for its superior texture and natural goodness. Ideal for health and flavor together."
Sooji ( Farina ),FLOURS,1 LB,"Trusted by families for generations, Sooji ( Farina ) continues to be a symbol of quality in FLOURS. It is suitable for a wide variety of cuisines."
Gold medal all purpose flour,FLOURS,50LB,"Specifically selected for its premium grade, Gold medal all purpose flour is a must-have for a well-stocked pantry. Highly recommended for gourmet preparations."
All purpose flour,FLOURS,20lb,All purpose flour is sourced from the finest ingredients to ensure consistent quality and maximum shelf life. A versatile addition to your shopping list.
Argo corn starch,FLOURS,1LB,"Add a touch of perfection to your dishes with Argo corn starch, sourced with care and delivered fresh. A pure and natural product."
Corn starch Royal,FLOURS,50lb,"Corn starch Royal provides a perfect balance of nutrition and taste, making it a staple for any modern kitchen. Highly recommended for gourmet preparations."
Ashirvad Aata,FLOURS,20 LB,"Packed with protein and fiber, Ashirvad Aata provides the essential nutrients required for a healthy lifestyle. A great choice for your regular diet."
Almonds (Sliced) Blanched,NUTS & DRY FRUITS,1 LB,Almonds (Sliced) Blanched is sourced from the finest ingredients to ensure consistent quality and maximum shelf life. Sourced sustainably for highest quality.
Almonds (Whole),NUTS & DRY FRUITS,1 LB,"Trusted by families for generations, Almonds (Whole) continues to be a symbol of quality in NUTS & DRY FRUITS. Sourced sustainably for highest quality."
Green Pistacho,NUTS & DRY FRUITS,1 LB,"Experience the rich traditions of cooking with Green Pistacho, a highly versatile NUTS & DRY FRUITS product. Packed in hygienic conditions."
Golden Raisin,NUTS & DRY FRUITS,1 LB,"Golden Raisin is a premium selection from our NUTS & DRY FRUITS range, carefully processed to retain its natural aroma and taste. Sourced sustainably for highest quality."
Cashew LWP,NUTS & DRY FRUITS,1 LB,Superior quality Cashew LWP is now available to help you create delicious and nutritious meals. Enjoy the consistent taste in every use.
Cashew Whole,NUTS & DRY FRUITS,1 LB,"Add a touch of perfection to your dishes with Cashew Whole, sourced with care and delivered fresh. Packed in hygienic conditions."
Peanuts (Raw),NUTS & DRY FRUITS,1 LB,"Packed with protein and fiber, Peanuts (Raw) provides the essential nutrients required for a healthy lifestyle. Packed in hygienic conditions."
Peanuts Blanched,NUTS & DRY FRUITS,1 LB,"Rich in antioxidants, Peanuts Blanched is an ideal ingredient for maintaining overall well-being and health. A great choice for your regular diet."
Coconut Powder,NUTS & DRY FRUITS,1 LB,Coconut Powder is sourced from the finest ingredients to ensure consistent quality and maximum shelf life. Packed in hygienic conditions.
Mango Pulp - Kesar,PICKLE-PULP- CHUTNEY,850 gms,"Boosting digestion and immunity, Mango Pulp - Kesar is an aromatic choice for your everyday cooking needs. A versatile addition to your shopping list."
Mango Pulp RATNA BRAND,PICKLE-PULP- CHUTNEY,840 gms,"A widely recognized favorite, Mango Pulp RATNA BRAND is celebrated for its purity and unadulterated nature. A pure and natural product."
Coconut Milk - (Chaokoh),PICKLE-PULP- CHUTNEY,,"Naturally low in fat, Coconut Milk - (Chaokoh) is a healthy carbohydrate source for a balanced and energetic diet. Packed in hygienic conditions."
Mixed Pickle - 77lb,PICKLE-PULP- CHUTNEY,77 LB,"Mixed Pickle - 77lb is a premium selection from our PICKLE-PULP- CHUTNEY range, carefully processed to retain its natural aroma and taste. A pure and natural product."
Pachranga Mix Pickle,PICKLE-PULP- CHUTNEY,800 gms,"Rich in antioxidants, Pachranga Mix Pickle is an ideal ingredient for maintaining overall well-being and health. A pure and natural product."
Mango Pickle -18kg Barrell,PICKLE-PULP- CHUTNEY,18 KG,Superior quality Mango Pickle -18kg Barrell is now available to help you create delicious and nutritious meals. Guaranteed to enhance any recipe.
Mango Pickle Barrell,PICKLE-PULP- CHUTNEY,88 LB,"Specifically selected for its premium grade, Mango Pickle Barrell is a must-have for a well-stocked pantry. A pure and natural product."
Mango Chutney Barrel,PICKLE-PULP- CHUTNEY,88 LB,"Rich in antioxidants, Mango Chutney Barrel is an ideal ingredient for maintaining overall well-being and health. Ideal for health and flavor together."
Tamicon Tamarind Paste,PICKLE-PULP- CHUTNEY,1 LB,"Trusted by families for generations, Tamicon Tamarind Paste continues to be a symbol of quality in PICKLE-PULP- CHUTNEY. A versatile addition to your shopping list."
Sambal Oelek Chilli Paste,PICKLE-PULP- CHUTNEY,1 GALLON,"For health-conscious individuals, Sambal Oelek Chilli Paste serves as an excellent source of vital nutrients and energy. A great choice for your regular diet."
Gulkand - Tower Brand,PICKLE-PULP- CHUTNEY,800 gms,"Bring home the true essence of quality with Gulkand - Tower Brand, perfect for both daily use and special occasions. It is suitable for a wide variety of cuisines."
Saffron (Thread) - 1 CAN,FLAVORS & ESSENCE,1 oz,Superior quality Saffron (Thread) - 1 CAN is now available to help you create delicious and nutritious meals. Enjoy the consistent taste in every use.
Kewda Essence -10*20,FLAVORS & ESSENCE,20 ml,"Our FLAVORS & ESSENCE collection features Kewda Essence -10*20, known for its superior texture and natural goodness. Packed in hygienic conditions."
Rose Essence -10*20m,FLAVORS & ESSENCE,20 ml,"Packed with protein and fiber, Rose Essence -10*20m provides the essential nutrients required for a healthy lifestyle. A great choice for your regular diet."
Boondi,SNACKS ( RICE PRODUCTS ),20 Pkt/Case,"In the SNACKS ( RICE PRODUCTS ) category, Boondi stands out for its unique blend of flavor and health benefits. Packed in hygienic conditions."
bhel mix,SNACKS ( RICE PRODUCTS ),20 Pkt/Case,"Discover the difference with bhel mix, a top-tier SNACKS ( RICE PRODUCTS ) item for health and wellness. A versatile addition to your shopping list."
Fine Thin Sev,SNACKS ( RICE PRODUCTS ),20 Pkt/Case,"Boosting digestion and immunity, Fine Thin Sev is an aromatic choice for your everyday cooking needs. Packed in hygienic conditions."
Mamra,SNACKS ( RICE PRODUCTS ),5 LB,"In the SNACKS ( RICE PRODUCTS ) category, Mamra stands out for its unique blend of flavor and health benefits. A great choice for your regular diet."
Thick Poha,SNACKS ( RICE PRODUCTS ),1 LB,"Enhance your culinary creations by adding Thick Poha, preferred by professional chefs for its quality. Highly recommended for gourmet preparations."
Regal Italian blend,FROZEN,,"Bring home the true essence of quality with Regal Italian blend, perfect for both daily use and special occasions. Ideal for health and flavor together."
Regal Peas and Carrot,FROZEN,,"Bring home the true essence of quality with Regal Peas and Carrot, perfect for both daily use and special occasions. Guaranteed to enhance any recipe."
Regal Green peas,FROZEN,,"For health-conscious individuals, Regal Green peas serves as an excellent source of vital nutrients and energy. Highly recommended for gourmet preparations."
Regal Cut beans,FROZEN,,"Enhance your culinary creations by adding Regal Cut beans, preferred by professional chefs for its quality. A great choice for your regular diet."
Broccoli Florets,FROZEN,,"Add a touch of perfection to your dishes with Broccoli Florets, sourced with care and delivered fresh. A pure and natural product."
Mixed vegetables,FROZEN,,"Our FROZEN collection features Mixed vegetables, known for its superior texture and natural goodness. A versatile addition to your shopping list."
Regal cut corn,FROZEN,,"Our FROZEN collection features Regal cut corn, known for its superior texture and natural goodness. A pure and natural product."
Regal Chopped spinach,FROZEN,,"Naturally low in fat, Regal Chopped spinach is a healthy carbohydrate source for a balanced and energetic diet. Sourced sustainably for highest quality."
Regal leaf spinach,FROZEN,,"Regal leaf spinach is a premium selection from our FROZEN range, carefully processed to retain its natural aroma and taste. Sourced sustainably for highest quality."
Kawan paratha,FROZEN,,"Bring home the true essence of quality with Kawan paratha, perfect for both daily use and special occasions. A versatile addition to your shopping list."
Lotus root deep,FROZEN,,"Our FROZEN collection features Lotus root deep, known for its superior texture and natural goodness. A pure and natural product."
Drumstick deep,FROZEN,,"Specifically selected for its premium grade, Drumstick deep is a must-have for a well-stocked pantry. Guaranteed to enhance any recipe."
Daily Delight coconut shredded,FROZEN,,"In the FROZEN category, Daily Delight coconut shredded stands out for its unique blend of flavor and health benefits. It is suitable for a wide variety of cuisines."
Daily Delight Jack fruit,FROZEN,,"Specifically selected for its premium grade, Daily Delight Jack fruit is a must-have for a well-stocked pantry. Packed in hygienic conditions."
Manchurian balls,FROZEN,,Manchurian balls offers an authentic flavor profile that is essential for various traditional recipes. Enjoy the consistent taste in every use.
Custard pulp,FROZEN,,"Packed with protein and fiber, Custard pulp provides the essential nutrients required for a healthy lifestyle. A pure and natural product."
Chikoo pulp,FROZEN,,"A widely recognized favorite, Chikoo pulp is celebrated for its purity and unadulterated nature. Enjoy the consistent taste in every use."
Baking Powder Blue Bird,COOKING ESSENTIALS,500 Gms,"Experience the rich traditions of cooking with Baking Powder Blue Bird, a highly versatile COOKING ESSENTIALS product. Packed in hygienic conditions."
Baking Powder Cleber Girl,COOKING ESSENTIALS,10 LB,"For health-conscious individuals, Baking Powder Cleber Girl serves as an excellent source of vital nutrients and energy. A pure and natural product."
Jaggery,COOKING ESSENTIALS,11 LB,"Experience the rich traditions of cooking with Jaggery, a highly versatile COOKING ESSENTIALS product. Enjoy the consistent taste in every use."
Salt,COOKING ESSENTIALS,50 LB,"Rich in antioxidants, Salt is an ideal ingredient for maintaining overall well-being and health. Guaranteed to enhance any recipe."
Sugar,COOKING ESSENTIALS,50 LB,"Naturally low in fat, Sugar is a healthy carbohydrate source for a balanced and energetic diet. A great choice for your regular diet."
Tamarind slab,COOKING ESSENTIALS,200GMS,"Experience the rich traditions of cooking with Tamarind slab, a highly versatile COOKING ESSENTIALS product. A great choice for your regular diet."
White Vinegar,COOKING ESSENTIALS,1 Gal,"Discover the difference with White Vinegar, a top-tier COOKING ESSENTIALS item for health and wellness. Sourced sustainably for highest quality."
Dabur Rose Water,COOKING ESSENTIALS,cs,"Naturally low in fat, Dabur Rose Water is a healthy carbohydrate source for a balanced and energetic diet. A great choice for your regular diet."
Key rose water,COOKING ESSENTIALS,1 Gal,"For health-conscious individuals, Key rose water serves as an excellent source of vital nutrients and energy. A great choice for your regular diet."
Badshah Pav Bhaji,MISC PRODUCTS,100 gms,"Trusted by families for generations, Badshah Pav Bhaji continues to be a symbol of quality in MISC PRODUCTS. A great choice for your regular diet."
Honest sandwich bread,MISC PRODUCTS,CS,"A widely recognized favorite, Honest sandwich bread is celebrated for its purity and unadulterated nature. A great choice for your regular diet."
Bread Crumb Bag,MISC PRODUCTS,1 LB,"Our MISC PRODUCTS collection features Bread Crumb Bag, known for its superior texture and natural goodness. A great choice for your regular diet."
Bread,MISC PRODUCTS,per packet,"In the MISC PRODUCTS category, Bread stands out for its unique blend of flavor and health benefits. It is suitable for a wide variety of cuisines."
Curly fries,MISC PRODUCTS,,"Curly fries provides a perfect balance of nutrition and taste, making it a staple for any modern kitchen. Guaranteed to enhance any recipe."
Chings Veg Hakka Noodles,MISC PRODUCTS,150 gms,"Discover the difference with Chings Veg Hakka Noodles, a top-tier MISC PRODUCTS item for health and wellness. Enjoy the consistent taste in every use."
Corn Starch,MISC PRODUCTS,1 LB,"In the MISC PRODUCTS category, Corn Starch stands out for its unique blend of flavor and health benefits. Ideal for health and flavor together."
ENO Regular,MISC PRODUCTS,100 gms,"Experience the rich traditions of cooking with ENO Regular, a highly versatile MISC PRODUCTS product. A versatile addition to your shopping list."
Falooda Sev,MISC PRODUCTS,50 gms,"Falooda Sev provides a perfect balance of nutrition and taste, making it a staple for any modern kitchen. A pure and natural product."
Falooda Sev King,MISC PRODUCTS,500 gms,"Boosting digestion and immunity, Falooda Sev King is an aromatic choice for your everyday cooking needs. Guaranteed to enhance any recipe."
Fried Onions,MISC PRODUCTS,400 gms,Fried Onions offers an authentic flavor profile that is essential for various traditional recipes. It is suitable for a wide variety of cuisines.
LG Hing,MISC PRODUCTS,100 gms,"Rich in antioxidants, LG Hing is an ideal ingredient for maintaining overall well-being and health. Enjoy the consistent taste in every use."
Lemon Juice,MISC PRODUCTS,32 oz,"Lemon Juice is a premium selection from our MISC PRODUCTS range, carefully processed to retain its natural aroma and taste. Packed in hygienic conditions."
French fries,MISC PRODUCTS,,"Our MISC PRODUCTS collection features French fries, known for its superior texture and natural goodness. A versatile addition to your shopping list."
Onion rings,MISC PRODUCTS,CS,"Packed with protein and fiber, Onion rings provides the essential nutrients required for a healthy lifestyle. It is suitable for a wide variety of cuisines."
Simple syrup,MISC PRODUCTS,1 GALLON,"A widely recognized favorite, Simple syrup is celebrated for its purity and unadulterated nature. Ideal for health and flavor together."
Fryms,MISC PRODUCTS,PER CS,"Trusted by families for generations, Fryms continues to be a symbol of quality in MISC PRODUCTS. It is suitable for a wide variety of cuisines."
Mayonnaise,MISC PRODUCTS,per unit,"Naturally low in fat, Mayonnaise is a healthy carbohydrate source for a balanced and energetic diet. Highly recommended for gourmet preparations."
Soya Wadi losset,MISC PRODUCTS,400gms,Soya Wadi losset offers an authentic flavor profile that is essential for various traditional recipes. A versatile addition to your shopping list.
Roasted vermacilli,MISC PRODUCTS,72 pkts,Roasted vermacilli offers an authentic flavor profile that is essential for various traditional recipes. A versatile addition to your shopping list.
Panda oyster sauce,SAUCE,,Superior quality Panda oyster sauce is now available to help you create delicious and nutritious meals. Ideal for health and flavor together.
Deep dry garlic chutney,SAUCE,,"In the SAUCE category, Deep dry garlic chutney stands out for its unique blend of flavor and health benefits. Guaranteed to enhance any recipe."
Siracha chilli sauce,SAUCE,28oz,"Trusted by families for generations, Siracha chilli sauce continues to be a symbol of quality in SAUCE. Packed in hygienic conditions."
siracha hot sauce,SAUCE,28oz,"Trusted by families for generations, siracha hot sauce continues to be a symbol of quality in SAUCE. A great choice for your regular diet."
Ching Soy Sause,SAUCE,220 Gms,"Naturally low in fat, Ching Soy Sause is a healthy carbohydrate source for a balanced and energetic diet. Guaranteed to enhance any recipe."
Chings Green Chilli Sauce,SAUCE,190 gms,"Chings Green Chilli Sauce provides a perfect balance of nutrition and taste, making it a staple for any modern kitchen. Guaranteed to enhance any recipe."
Chings Red Chilli Sauce,SAUCE,200gms,"Our SAUCE collection features Chings Red Chilli Sauce, known for its superior texture and natural goodness. Ideal for health and flavor together."
Chings schezwan stir fry sauce,SAUCE,250gms,"In the SAUCE category, Chings schezwan stir fry sauce stands out for its unique blend of flavor and health benefits. It is suitable for a wide variety of cuisines."
Chings chilli vinegar sauce,SAUCE,170gms,"Trusted by families for generations, Chings chilli vinegar sauce continues to be a symbol of quality in SAUCE. Packed in hygienic conditions."
Maggie Hot & Sweet sauce,SAUCE,1kg,"For health-conscious individuals, Maggie Hot & Sweet sauce serves as an excellent source of vital nutrients and energy. A great choice for your regular diet."
Honey mustard sauce,SAUCE,,"A widely recognized favorite, Honey mustard sauce is celebrated for its purity and unadulterated nature. A pure and natural product."
Tomato ketchup,SAUCE,,Superior quality Tomato ketchup is now available to help you create delicious and nutritious meals. A versatile addition to your shopping list.
Dark soysauce,SAUCE,,Dark soysauce offers an authentic flavor profile that is essential for various traditional recipes. Highly recommended for gourmet preparations.
Mushroom soy sauce,SAUCE,,Superior quality Mushroom soy sauce is now available to help you create delicious and nutritious meals. Ideal for health and flavor together.
Egg Shade,FOOD COLORS,1 GALLON,"Packed with protein and fiber, Egg Shade provides the essential nutrients required for a healthy lifestyle. Packed in hygienic conditions."
Tomato Shade,FOOD COLORS,1 GALLON,"Bring home the true essence of quality with Tomato Shade, perfect for both daily use and special occasions. Highly recommended for gourmet preparations."
DABUR mustard oil,OIL,2.75LTR,"Bring home the true essence of quality with DABUR mustard oil, perfect for both daily use and special occasions. A versatile addition to your shopping list."
Rajdhani mustard oil,OIL,,Rajdhani mustard oil is sourced from the finest ingredients to ensure consistent quality and maximum shelf life. Guaranteed to enhance any recipe.
Dabur Sesame oil,OIL,,"Specifically selected for its premium grade, Dabur Sesame oil is a must-have for a well-stocked pantry. Highly recommended for gourmet preparations."
Soybean oil,OIL,35LB,"Soybean oil provides a perfect balance of nutrition and taste, making it a staple for any modern kitchen. A versatile addition to your shopping list."
Shortening fry oil,OIL,35LB,"Experience the rich traditions of cooking with Shortening fry oil, a highly versatile OIL product. A great choice for your regular diet."
Ambika Waffers,PAPADS,180 gms,"In the PAPADS category, Ambika Waffers stands out for its unique blend of flavor and health benefits. It is suitable for a wide variety of cuisines."
Cocktail Papad (Disco),PAPADS,80/Case,"Rich in antioxidants, Cocktail Papad (Disco) is an ideal ingredient for maintaining overall well-being and health. It is suitable for a wide variety of cuisines."
Papad – Black Pep (Lijjat),PAPADS,80/Case,"Naturally low in fat, Papad – Black Pep (Lijjat) is a healthy carbohydrate source for a balanced and energetic diet. A versatile addition to your shopping list."
Papad – Jeera (Lijjat),PAPADS,80/Case,Papad – Jeera (Lijjat) is sourced from the finest ingredients to ensure consistent quality and maximum shelf life. It is suitable for a wide variety of cuisines.
Papad – Plain (Lijjat),PAPADS,80/Case,"Experience the rich traditions of cooking with Papad – Plain (Lijjat), a highly versatile PAPADS product. Enjoy the consistent taste in every use."
Papad – Punjabi (Lijjat),PAPADS,80/Case,"For health-conscious individuals, Papad – Punjabi (Lijjat) serves as an excellent source of vital nutrients and energy. Highly recommended for gourmet preparations."
Bru Coffee,TEA & COFFEE,500 Gms,"Experience the rich traditions of cooking with Bru Coffee, a highly versatile TEA & COFFEE product. Sourced sustainably for highest quality."
NesCafe Coffee,TEA & COFFEE,200 Gms,"Specifically selected for its premium grade, NesCafe Coffee is a must-have for a well-stocked pantry. Sourced sustainably for highest quality."
Red Label Tea,TEA & COFFEE,500 Gms,"In the TEA & COFFEE category, Red Label Tea stands out for its unique blend of flavor and health benefits. Highly recommended for gourmet preparations."
Wagh Bakri Tea,TEA & COFFEE,1 KG,"A widely recognized favorite, Wagh Bakri Tea is celebrated for its purity and unadulterated nature. Packed in hygienic conditions."
Indian Treat Punjabi Samosa 75gms,APPETIZERS,150pc/cs,"Packed with protein and fiber, Indian Treat Punjabi Samosa 75gms provides the essential nutrients required for a healthy lifestyle. A great choice for your regular diet."
Indian Treat Punjabi Samosa 40gms,APPETIZERS,270pc/cs,"Indian Treat Punjabi Samosa 40gms is a premium selection from our APPETIZERS range, carefully processed to retain its natural aroma and taste. Guaranteed to enhance any recipe."
Indian Treat Punjabi Samosa 20gms ( cocktail samosa ),APPETIZERS,420pc/cs,"Our APPETIZERS collection features Indian Treat Punjabi Samosa 20gms ( cocktail samosa ), known for its superior texture and natural goodness. A versatile addition to your shopping list."
Indian Treat Hyderabadi Onion Samosa 20gms,APPETIZERS,420pc/cs,"In the APPETIZERS category, Indian Treat Hyderabadi Onion Samosa 20gms stands out for its unique blend of flavor and health benefits. A pure and natural product."
Indina Treat Aloo Tikki 35gms,APPETIZERS,300pc/cs,"Indina Treat Aloo Tikki 35gms provides a perfect balance of nutrition and taste, making it a staple for any modern kitchen. Highly recommended for gourmet preparations."
Indian Treat Vegetable Cutlet 25gms,APPETIZERS,400pc/cs,"Naturally low in fat, Indian Treat Vegetable Cutlet 25gms is a healthy carbohydrate source for a balanced and energetic diet. Ideal for health and flavor together."
Indian Treat Veg Spring Roll 20gm,APPETIZERS,400pc/cs,"For health-conscious individuals, Indian Treat Veg Spring Roll 20gm serves as an excellent source of vital nutrients and energy. Ideal for health and flavor together."
Aha onion samossa,APPETIZERS,,"Bring home the true essence of quality with Aha onion samossa, perfect for both daily use and special occasions. A pure and natural product."
Telugu onion samosa,APPETIZERS,,"Enhance your culinary creations by adding Telugu onion samosa, preferred by professional chefs for its quality. A great choice for your regular diet."
Ashoka Samosa 75gms,APPETIZERS,150pc/cs,"Ashoka Samosa 75gms is a premium selection from our APPETIZERS range, carefully processed to retain its natural aroma and taste. Sourced sustainably for highest quality."
Ashoka Samosa 45gms,APPETIZERS,270pc/cs,"For health-conscious individuals, Ashoka Samosa 45gms serves as an excellent source of vital nutrients and energy. Enjoy the consistent taste in every use."
Gulab Jamun (Canned),Deserts,300pc/ bucket,"Enhance your culinary creations by adding Gulab Jamun (Canned), preferred by professional chefs for its quality. A pure and natural product."
Gulab Jamun (Canned),Deserts,200pc/bucket,"Naturally low in fat, Gulab Jamun (Canned) is a healthy carbohydrate source for a balanced and energetic diet. Enjoy the consistent taste in every use."
Nanak rasmalai,Deserts,12pcs,"Bring home the true essence of quality with Nanak rasmalai, perfect for both daily use and special occasions. Highly recommended for gourmet preparations."
Nanak rasmalai,Deserts,20pcs,"Our Deserts collection features Nanak rasmalai, known for its superior texture and natural goodness. Guaranteed to enhance any recipe."
Brar rasmalai,Deserts,20PCS/ 12PCS,"Experience the rich traditions of cooking with Brar rasmalai, a highly versatile Deserts product. Packed in hygienic conditions."
Dahi bhalla,Deserts,PER CS,"Packed with protein and fiber, Dahi bhalla provides the essential nutrients required for a healthy lifestyle. Enjoy the consistent taste in every use."
Nanak khoya,Deserts,,"Specifically selected for its premium grade, Nanak khoya is a must-have for a well-stocked pantry. A pure and natural product."
Monng dal halwa,Deserts,,"In the Deserts category, Monng dal halwa stands out for its unique blend of flavor and health benefits. Guaranteed to enhance any recipe."
Gajar ka halwa,Deserts,30LB,"Specifically selected for its premium grade, Gajar ka halwa is a must-have for a well-stocked pantry. A versatile addition to your shopping list."
Red onion 25lb,vegetables,25LB,"Red onion 25lb is a premium selection from our vegetables range, carefully processed to retain its natural aroma and taste. Packed in hygienic conditions."
Spanish onion 50lb,vegetables,50LB,"Boosting digestion and immunity, Spanish onion 50lb is an aromatic choice for your everyday cooking needs. Guaranteed to enhance any recipe."
Spring onion/scallion,vegetables,2DZ,"For health-conscious individuals, Spring onion/scallion serves as an excellent source of vital nutrients and energy. Enjoy the consistent taste in every use."
Chinese ginger,vegetables,30LB,"Naturally low in fat, Chinese ginger is a healthy carbohydrate source for a balanced and energetic diet. A pure and natural product."
Cilantro,vegetables,60BUNCHES,"Cilantro is a premium selection from our vegetables range, carefully processed to retain its natural aroma and taste. A versatile addition to your shopping list."
Mint,vegetables,,"In the vegetables category, Mint stands out for its unique blend of flavor and health benefits. Enjoy the consistent taste in every use."
Celery,vegetables,,Superior quality Celery is now available to help you create delicious and nutritious meals. A pure and natural product.
Curry leaves,vegetables,per lb,"Our vegetables collection features Curry leaves, known for its superior texture and natural goodness. Ideal for health and flavor together."
Indian eggplant,vegetables,per lb,"Rich in antioxidants, Indian eggplant is an ideal ingredient for maintaining overall well-being and health. Sourced sustainably for highest quality."
Chinese eggplant,vegetables,per lb,"Trusted by families for generations, Chinese eggplant continues to be a symbol of quality in vegetables. Sourced sustainably for highest quality."
Eggplant fancy,vegetables,per lb,"Naturally low in fat, Eggplant fancy is a healthy carbohydrate source for a balanced and energetic diet. Ideal for health and flavor together."
Chinese okra,vegetables,per lb,"For health-conscious individuals, Chinese okra serves as an excellent source of vital nutrients and energy. It is suitable for a wide variety of cuisines."
Indian okra,vegetables,10LB,"Trusted by families for generations, Indian okra continues to be a symbol of quality in vegetables. Sourced sustainably for highest quality."
Basel leaves,vegetables,per lb,"Rich in antioxidants, Basel leaves is an ideal ingredient for maintaining overall well-being and health. It is suitable for a wide variety of cuisines."
Cabbage,vegetables,per cs,"Bring home the true essence of quality with Cabbage, perfect for both daily use and special occasions. Ideal for health and flavor together."
Carrot,vegetables,50LB,"Experience the rich traditions of cooking with Carrot, a highly versatile vegetables product. A versatile addition to your shopping list."
Desi karela,vegetables,per cs,"Bring home the true essence of quality with Desi karela, perfect for both daily use and special occasions. Ideal for health and flavor together."
Tindoora,vegetables,per,"Specifically selected for its premium grade, Tindoora is a must-have for a well-stocked pantry. Guaranteed to enhance any recipe."
Potato,vegetables,50LB,"Boosting digestion and immunity, Potato is an aromatic choice for your everyday cooking needs. Ideal for health and flavor together."
Cello spinach,vegetables,,Superior quality Cello spinach is now available to help you create delicious and nutritious meals. Ideal for health and flavor together.
Green pepper,vegetables,25LB,"Enhance your culinary creations by adding Green pepper, preferred by professional chefs for its quality. A great choice for your regular diet."
Red pepper,vegetables,25LB,"Experience the rich traditions of cooking with Red pepper, a highly versatile vegetables product. Packed in hygienic conditions."
Yellow pepper,vegetables,25LB,"Our vegetables collection features Yellow pepper, known for its superior texture and natural goodness. A pure and natural product."
Mixed pepper,vegetables,,"Mixed pepper is a premium selection from our vegetables range, carefully processed to retain its natural aroma and taste. Enjoy the consistent taste in every use."
Peeled garlic,vegetables,,"Peeled garlic is a premium selection from our vegetables range, carefully processed to retain its natural aroma and taste. A versatile addition to your shopping list."
Long squash,vegetables,PER LB,"Packed with protein and fiber, Long squash provides the essential nutrients required for a healthy lifestyle. Guaranteed to enhance any recipe."
Ridge guard,vegetables,PER LB,"Trusted by families for generations, Ridge guard continues to be a symbol of quality in vegetables. Guaranteed to enhance any recipe."
Small chilli,vegetables,28-30LB,"Rich in antioxidants, Small chilli is an ideal ingredient for maintaining overall well-being and health. It is suitable for a wide variety of cuisines."
Medium chilli,vegetables,10LB,"Naturally low in fat, Medium chilli is a healthy carbohydrate source for a balanced and energetic diet. Sourced sustainably for highest quality."
Long hot,vegetables,15LB,"Trusted by families for generations, Long hot continues to be a symbol of quality in vegetables. Ideal for health and flavor together."
Finger hot,vegetables,,"Packed with protein and fiber, Finger hot provides the essential nutrients required for a healthy lifestyle. Packed in hygienic conditions."
Lemon,vegetables,165CT,"Experience the rich traditions of cooking with Lemon, a highly versatile vegetables product. A great choice for your regular diet."
Lime,vegetables,200CT,"For health-conscious individuals, Lime serves as an excellent source of vital nutrients and energy. Ideal for health and flavor together."
Beetroot,vegetables,PER LB,"For health-conscious individuals, Beetroot serves as an excellent source of vital nutrients and energy. Packed in hygienic conditions."
Lettuce,vegetables,,"Bring home the true essence of quality with Lettuce, perfect for both daily use and special occasions. It is suitable for a wide variety of cuisines."
Mushroom,vegetables,10LB,Mushroom is sourced from the finest ingredients to ensure consistent quality and maximum shelf life. A versatile addition to your shopping list.
Cauliflower,vegetables,12 CT,"Rich in antioxidants, Cauliflower is an ideal ingredient for maintaining overall well-being and health. A pure and natural product."
Milk,Dairy,4  gallon,"A widely recognized favorite, Milk is celebrated for its purity and unadulterated nature. A pure and natural product."
Yogurt 35lb,Dairy,35lb bucket,"Specifically selected for its premium grade, Yogurt 35lb is a must-have for a well-stocked pantry. Enjoy the consistent taste in every use."
Desi dahi whole 5lb,Dairy,5lb,"Discover the difference with Desi dahi whole 5lb, a top-tier Dairy item for health and wellness. Guaranteed to enhance any recipe."
Heavy cream 40%,Dairy,32OZ,"Bring home the true essence of quality with Heavy cream 40%, perfect for both daily use and special occasions. Guaranteed to enhance any recipe."
Heavy cream 36%,Dairy,32OZ,"Boosting digestion and immunity, Heavy cream 36% is an aromatic choice for your everyday cooking needs. Ideal for health and flavor together."
Sour cream,Dairy,32lb,"Trusted by families for generations, Sour cream continues to be a symbol of quality in Dairy. Guaranteed to enhance any recipe."
Ghee,Dairy,1ltr,"Experience the rich traditions of cooking with Ghee, a highly versatile Dairy product. Guaranteed to enhance any recipe."
Cow ghee,Dairy,,"Cow ghee is a premium selection from our Dairy range, carefully processed to retain its natural aroma and taste. It is suitable for a wide variety of cuisines."
Half and half,Dairy,32OZ,"In the Dairy category, Half and half stands out for its unique blend of flavor and health benefits. It is suitable for a wide variety of cuisines."
Paneer block 20lb,Dairy,5LB,"A widely recognized favorite, Paneer block 20lb is celebrated for its purity and unadulterated nature. A great choice for your regular diet."
Paneer block 40lb,Dairy,5LB,Paneer block 40lb is sourced from the finest ingredients to ensure consistent quality and maximum shelf life. It is suitable for a wide variety of cuisines.
Mozarella cheese,Dairy,5LB,Mozarella cheese offers an authentic flavor profile that is essential for various traditional recipes. Sourced sustainably for highest quality.
American cheese,Dairy,,"Our Dairy collection features American cheese, known for its superior texture and natural goodness. A pure and natural product."
Unsalted butter,Dairy,1lb,"Naturally low in fat, Unsalted butter is a healthy carbohydrate source for a balanced and energetic diet. Ideal for health and flavor together."
Eggs,Dairy,30dz,"Naturally low in fat, Eggs is a healthy carbohydrate source for a balanced and energetic diet. It is suitable for a wide variety of cuisines."
Tofu,Dairy,per cs,"Trusted by families for generations, Tofu continues to be a symbol of quality in Dairy. Packed in hygienic conditions."
Coke 12oz,Drinks,35pcs,"Discover the difference with Coke 12oz, a top-tier Drinks item for health and wellness. Ideal for health and flavor together."
Coke 20oz,Drinks,24/20oz,"Boosting digestion and immunity, Coke 20oz is an aromatic choice for your everyday cooking needs. Sourced sustainably for highest quality."
Diet coke 12oz,Drinks,35pcs,"For health-conscious individuals, Diet coke 12oz serves as an excellent source of vital nutrients and energy. Guaranteed to enhance any recipe."
Diet coke 20oz,Drinks,24/20oz,"Add a touch of perfection to your dishes with Diet coke 20oz, sourced with care and delivered fresh. Guaranteed to enhance any recipe."
Limca,Drinks,300ml,"Packed with protein and fiber, Limca provides the essential nutrients required for a healthy lifestyle. Highly recommended for gourmet preparations."
Thums up,Drinks,300ml,"Packed with protein and fiber, Thums up provides the essential nutrients required for a healthy lifestyle. Highly recommended for gourmet preparations."
Sprite 12oz,Drinks,35pcs,"Enhance your culinary creations by adding Sprite 12oz, preferred by professional chefs for its quality. It is suitable for a wide variety of cuisines."
sprite,Drinks,24/20oz,"In the Drinks category, sprite stands out for its unique blend of flavor and health benefits. A great choice for your regular diet."
Pepsi,Drinks,24oz cans,"Pepsi is a premium selection from our Drinks range, carefully processed to retain its natural aroma and taste. It is suitable for a wide variety of cuisines."
Fanta,Drinks,300ml,"Add a touch of perfection to your dishes with Fanta, sourced with care and delivered fresh. Sourced sustainably for highest quality."
Club soda,Drinks,,"Club soda is a premium selection from our Drinks range, carefully processed to retain its natural aroma and taste. Ideal for health and flavor together."
Ginger ale 12oz,Drinks,24/12oz,"A widely recognized favorite, Ginger ale 12oz is celebrated for its purity and unadulterated nature. Packed in hygienic conditions."
Ginger ale 20oz,Drinks,24/20oz,"Naturally low in fat, Ginger ale 20oz is a healthy carbohydrate source for a balanced and energetic diet. Packed in hygienic conditions."
Maaza guava,Drinks,330ml,"Our Drinks collection features Maaza guava, known for its superior texture and natural goodness. A great choice for your regular diet."
Maaza lytchee,Drinks,330ml,"Maaza lytchee provides a perfect balance of nutrition and taste, making it a staple for any modern kitchen. Packed in hygienic conditions."
Maaza mango,Drinks,330ml,"In the Drinks category, Maaza mango stands out for its unique blend of flavor and health benefits. A pure and natural product."
Gulpp blueberry soda,Drinks,200ml,"In the Drinks category, Gulpp blueberry soda stands out for its unique blend of flavor and health benefits. It is suitable for a wide variety of cuisines."
Gulpp virjin mojito soda,Drinks,200ml,"Bring home the true essence of quality with Gulpp virjin mojito soda, perfect for both daily use and special occasions. A great choice for your regular diet."
Gulpp fruit beer soda,Drinks,200ml,"Boosting digestion and immunity, Gulpp fruit beer soda is an aromatic choice for your everyday cooking needs. A pure and natural product."
Gulp lime lemon soda,Drinks,200ml,"For health-conscious individuals, Gulp lime lemon soda serves as an excellent source of vital nutrients and energy. Enjoy the consistent taste in every use."
Gulpp kacha aam soda,Drinks,200ml,"Experience the rich traditions of cooking with Gulpp kacha aam soda, a highly versatile Drinks product. Ideal for health and flavor together."
Gulpp lemon masala soda,Drinks,200ml,"Specifically selected for its premium grade, Gulpp lemon masala soda is a must-have for a well-stocked pantry. A great choice for your regular diet."
Gulpp jeera soda,Drinks,200ml,"Boosting digestion and immunity, Gulpp jeera soda is an aromatic choice for your everyday cooking needs. Guaranteed to enhance any recipe."
Gulpp rose paneer soda,Drinks,200ml,Superior quality Gulpp rose paneer soda is now available to help you create delicious and nutritious meals. Guaranteed to enhance any recipe.
Gulpp pine apple mango soda,Drinks,200ml,Superior quality Gulpp pine apple mango soda is now available to help you create delicious and nutritious meals. Packed in hygienic conditions.
Gulpp ginger lime soda,Drinks,200ml,"Our Drinks collection features Gulpp ginger lime soda, known for its superior texture and natural goodness. A great choice for your regular diet."
Poland spring,Drinks,40pk,Poland spring is sourced from the finest ingredients to ensure consistent quality and maximum shelf life. Packed in hygienic conditions.
(723-b) 32oz round black container,Paper and Packing products,,"Boosting digestion and immunity, (723-b) 32oz round black container is an aromatic choice for your everyday cooking needs. Guaranteed to enhance any recipe."
(728-b) 24oz round black container,Paper and Packing products,,"Discover the difference with (728-b) 24oz round black container, a top-tier Paper and Packing products item for health and wellness. A versatile addition to your shopping list."
(718-B) 16oz round black container,Paper and Packing products,,"Experience the rich traditions of cooking with (718-B) 16oz round black container, a highly versatile Paper and Packing products product. A versatile addition to your shopping list."
4oz cup/container,Paper and Packing products,250/case,"Add a touch of perfection to your dishes with 4oz cup/container, sourced with care and delivered fresh. A great choice for your regular diet."
4oz lids,Paper and Packing products,2500/case,"In the Paper and Packing products category, 4oz lids stands out for its unique blend of flavor and health benefits. It is suitable for a wide variety of cuisines."
8oz deli container,Paper and Packing products,,"Add a touch of perfection to your dishes with 8oz deli container, sourced with care and delivered fresh. Guaranteed to enhance any recipe."
12oz deli container,Paper and Packing products,,"In the Paper and Packing products category, 12oz deli container stands out for its unique blend of flavor and health benefits. A pure and natural product."
16oz deli container,Paper and Packing products,,"Trusted by families for generations, 16oz deli container continues to be a symbol of quality in Paper and Packing products. A great choice for your regular diet."
24oz deli container,Paper and Packing products,,"Discover the difference with 24oz deli container, a top-tier Paper and Packing products item for health and wellness. Guaranteed to enhance any recipe."
32oz deli container,Paper and Packing products,,"Add a touch of perfection to your dishes with 32oz deli container, sourced with care and delivered fresh. Enjoy the consistent taste in every use."
Small deep,Paper and Packing products,,"Enhance your culinary creations by adding Small deep, preferred by professional chefs for its quality. Ideal for health and flavor together."
Small medium tray,Paper and Packing products,100 qty,Superior quality Small medium tray is now available to help you create delicious and nutritious meals. Sourced sustainably for highest quality.
Small shallow,Paper and Packing products,,"Boosting digestion and immunity, Small shallow is an aromatic choice for your everyday cooking needs. A pure and natural product."
Medium deep,Paper and Packing products,,"Medium deep provides a perfect balance of nutrition and taste, making it a staple for any modern kitchen. A pure and natural product."
medium shallow,Paper and Packing products,,medium shallow is sourced from the finest ingredients to ensure consistent quality and maximum shelf life. Enjoy the consistent taste in every use.
Long deep tray,Paper and Packing products,40 qty,"A widely recognized favorite, Long deep tray is celebrated for its purity and unadulterated nature. A great choice for your regular diet."
Long medium tray,Paper and Packing products,100 qty,"Bring home the true essence of quality with Long medium tray, perfect for both daily use and special occasions. A versatile addition to your shopping list."
Long shallow tray,Paper and Packing products,,"Bring home the true essence of quality with Long shallow tray, perfect for both daily use and special occasions. Packed in hygienic conditions."
Foam hinged container,Paper and Packing products,500 ct pack,"In the Paper and Packing products category, Foam hinged container stands out for its unique blend of flavor and health benefits. It is suitable for a wide variety of cuisines."
Foam plates,Paper and Packing products,,"Enhance your culinary creations by adding Foam plates, preferred by professional chefs for its quality. A versatile addition to your shopping list."
Plastic spoons,Paper and Packing products,,"Specifically selected for its premium grade, Plastic spoons is a must-have for a well-stocked pantry. A pure and natural product."
Plastic forks,Paper and Packing products,,"Naturally low in fat, Plastic forks is a healthy carbohydrate source for a balanced and energetic diet. Guaranteed to enhance any recipe."
Aluminium foil,Paper and Packing products,500,"Bring home the true essence of quality with Aluminium foil, perfect for both daily use and special occasions. Ideal for health and flavor together."
Food service film,Paper and Packing products,,"Add a touch of perfection to your dishes with Food service film, sourced with care and delivered fresh. Packed in hygienic conditions."
Plastic wrap,Paper and Packing products,,Superior quality Plastic wrap is now available to help you create delicious and nutritious meals. Guaranteed to enhance any recipe.
Thankyou bags,Paper and Packing products,,"Trusted by families for generations, Thankyou bags continues to be a symbol of quality in Paper and Packing products. Packed in hygienic conditions."
Brown bags small,Paper and Packing products,,"Specifically selected for its premium grade, Brown bags small is a must-have for a well-stocked pantry. Packed in hygienic conditions."
Brown bags medium,Paper and Packing products,,Brown bags medium offers an authentic flavor profile that is essential for various traditional recipes. Ideal for health and flavor together.
Brown bags large,Paper and Packing products,,"A widely recognized favorite, Brown bags large is celebrated for its purity and unadulterated nature. A great choice for your regular diet."
Lassi bottles,Paper and Packing products,,"Experience the rich traditions of cooking with Lassi bottles, a highly versatile Paper and Packing products product. Sourced sustainably for highest quality."
Garbage bags,Paper and Packing products,48,Garbage bags offers an authentic flavor profile that is essential for various traditional recipes. Enjoy the consistent taste in every use.
Splash dishwashing liquid,Paper and Packing products,,"Our Paper and Packing products collection features Splash dishwashing liquid, known for its superior texture and natural goodness. Highly recommended for gourmet preparations."
Pink soap bucket,Paper and Packing products,,"Bring home the true essence of quality with Pink soap bucket, perfect for both daily use and special occasions. Guaranteed to enhance any recipe."
Gloves,Paper and Packing products,,"For health-conscious individuals, Gloves serves as an excellent source of vital nutrients and energy. Sourced sustainably for highest quality."
Appron,Paper and Packing products,46 poly,"Add a touch of perfection to your dishes with Appron, sourced with care and delivered fresh. Packed in hygienic conditions."
Bleach,Paper and Packing products,96oz,"Bleach is a premium selection from our Paper and Packing products range, carefully processed to retain its natural aroma and taste. A great choice for your regular diet."
Mop head,Paper and Packing products,,Mop head is sourced from the finest ingredients to ensure consistent quality and maximum shelf life. A versatile addition to your shopping list.
Mop stick,Paper and Packing products,,"For health-conscious individuals, Mop stick serves as an excellent source of vital nutrients and energy. Highly recommended for gourmet preparations."
Multifold napkins,Paper and Packing products,4000/cs,"Our Paper and Packing products collection features Multifold napkins, known for its superior texture and natural goodness. Ideal for health and flavor together."
Dinner napkins,Paper and Packing products,,"For health-conscious individuals, Dinner napkins serves as an excellent source of vital nutrients and energy. Enjoy the consistent taste in every use."
Toilet paper,Paper and Packing products,,"Bring home the true essence of quality with Toilet paper, perfect for both daily use and special occasions. Sourced sustainably for highest quality."
Hand towels,Paper and Packing products,,"Trusted by families for generations, Hand towels continues to be a symbol of quality in Paper and Packing products. Highly recommended for gourmet preparations."
Dishwashing scrub,Paper and Packing products,,"Rich in antioxidants, Dishwashing scrub is an ideal ingredient for maintaining overall well-being and health. A great choice for your regular diet."
Spounge,Paper and Packing products,,"Boosting digestion and immunity, Spounge is an aromatic choice for your everyday cooking needs. A great choice for your regular diet."
Oven cleaner,Paper and Packing products,1 gal,"Oven cleaner is a premium selection from our Paper and Packing products range, carefully processed to retain its natural aroma and taste. A great choice for your regular diet."
Floor cleaner,Paper and Packing products,1 gal,"Specifically selected for its premium grade, Floor cleaner is a must-have for a well-stocked pantry. A great choice for your regular diet."
Pinesol,Paper and Packing products,,"Our Paper and Packing products collection features Pinesol, known for its superior texture and natural goodness. A great choice for your regular diet."
Fablosoue,Paper and Packing products,,"Packed with protein and fiber, Fablosoue provides the essential nutrients required for a healthy lifestyle. Packed in hygienic conditions."
Wax paper,Paper and Packing products,,Superior quality Wax paper is now available to help you create delicious and nutritious meals. Ideal for health and flavor together.
Chicken thigh,Meat,40lb per case,Chicken thigh offers an authentic flavor profile that is essential for various traditional recipes. Enjoy the consistent taste in every use.
Chicken breast,Meat,40lb per case,"Specifically selected for its premium grade, Chicken breast is a must-have for a well-stocked pantry. Sourced sustainably for highest quality."
Chicken tenders,Meat,40lb per case,Superior quality Chicken tenders is now available to help you create delicious and nutritious meals. A pure and natural product.
Chicken drumstick,Meat,40lb per case,"For health-conscious individuals, Chicken drumstick serves as an excellent source of vital nutrients and energy. A great choice for your regular diet."
Chicken wings,Meat,40lb per case,"Discover the difference with Chicken wings, a top-tier Meat item for health and wellness. Packed in hygienic conditions."
Chicken leg quarters,Meat,40lb per case,"Packed with protein and fiber, Chicken leg quarters provides the essential nutrients required for a healthy lifestyle. A pure and natural product."
Chicken kheema,Meat,per lb,"Discover the difference with Chicken kheema, a top-tier Meat item for health and wellness. A versatile addition to your shopping list."
Whole chicken,Meat,per lb,"In the Meat category, Whole chicken stands out for its unique blend of flavor and health benefits. Sourced sustainably for highest quality."
Fresh baby goat,Meat,perlb,"Discover the difference with Fresh baby goat, a top-tier Meat item for health and wellness. Guaranteed to enhance any recipe."
Regular goat,Meat,per lb,Regular goat is sourced from the finest ingredients to ensure consistent quality and maximum shelf life. Guaranteed to enhance any recipe.
Goat kheema,Meat,per lb,"Add a touch of perfection to your dishes with Goat kheema, sourced with care and delivered fresh. Sourced sustainably for highest quality."
Paya,Meat,per lb,"Rich in antioxidants, Paya is an ideal ingredient for maintaining overall well-being and health. It is suitable for a wide variety of cuisines."
Boneless lamb,Meat,per lb,"Experience the rich traditions of cooking with Boneless lamb, a highly versatile Meat product. Highly recommended for gourmet preparations."
Lamb chops,Meat,per lb,"Rich in antioxidants, Lamb chops is an ideal ingredient for maintaining overall well-being and health. A great choice for your regular diet."
Lamb shank,Meat,per lb,"Experience the rich traditions of cooking with Lamb shank, a highly versatile Meat product. It is suitable for a wide variety of cuisines."
Boti,Meat,per lb,"Enhance your culinary creations by adding Boti, preferred by professional chefs for its quality. Sourced sustainably for highest quality."
Chinese cut/ 65 cut,Meat,per lb,"Experience the rich traditions of cooking with Chinese cut/ 65 cut, a highly versatile Meat product. It is suitable for a wide variety of cuisines."
Silver pampano,Meat,40lb per case,"A widely recognized favorite, Silver pampano is celebrated for its purity and unadulterated nature. Highly recommended for gourmet preparations."
Tilapia 5/7,Meat,10lb,"Our Meat collection features Tilapia 5/7, known for its superior texture and natural goodness. Highly recommended for gourmet preparations."
Tilapia 7/9,Meat,10lb,"Trusted by families for generations, Tilapia 7/9 continues to be a symbol of quality in Meat. Ideal for health and flavor together."
Shrimp 8/12,Meat,10lb,"In the Meat category, Shrimp 8/12 stands out for its unique blend of flavor and health benefits. Enjoy the consistent taste in every use."
Shrimp 16/20,Meat,10lb,"A widely recognized favorite, Shrimp 16/20 is celebrated for its purity and unadulterated nature. Guaranteed to enhance any recipe."
Shrimp 26/30,Meat,10lb,"Shrimp 26/30 is a premium selection from our Meat range, carefully processed to retain its natural aroma and taste. It is suitable for a wide variety of cuisines."
Shrimp 21/25,Meat,,"Specifically selected for its premium grade, Shrimp 21/25 is a must-have for a well-stocked pantry. A great choice for your regular diet."
Shrimp 41/50,Meat,30lb per case,"Our Meat collection features Shrimp 41/50, known for its superior texture and natural goodness. Guaranteed to enhance any recipe."
Shrimp 51/60,Meat,30lb per case,"In the Meat category, Shrimp 51/60 stands out for its unique blend of flavor and health benefits. A pure and natural product."
Salmon fillets,Meat,22.5lb,"For health-conscious individuals, Salmon fillets serves as an excellent source of vital nutrients and energy. Sourced sustainably for highest quality."
Basa/Swai fillet,Meat,15 lb,"Naturally low in fat, Basa/Swai fillet is a healthy carbohydrate source for a balanced and energetic diet. Packed in hygienic conditions."
